{"batch_size": 16, "base_model_name": "EfficientNetB2", "use_imagenet_weights": true, "base_model_trainable": true, "include_relu_dense": false, "relu_dense_units": 512, "base_learning_rate": 0.0001, "reduce_learning_rate_patience": 1, "epochs": 50, "dataset": {"test_size": 0.2, "random_state": 42, "image_size": 224, "compressed": false, "split": true, "id": "61be86935289f77d3e0620ee", "created_at": "2021-12-19T01:10:43.870000"}, "trained": true, "evaluation": {"train_loss": 0.37085476517677307, "train_accuracy": 0.874118983745575, "test_loss": 0.46430090069770813, "test_accuracy": 0.8385005593299866}, "id": "61c0f3c266480a1840c70929", "created_at": "2021-12-20T21:21:06.193000"}