{"batch_size": 16, "base_model_name": "EfficientNetB2", "use_imagenet_weights": true, "base_model_trainable": true, "include_relu_dense": false, "relu_dense_units": 512, "base_learning_rate": 0.0001, "reduce_learning_rate_patience": 1, "epochs": 50, "dataset": {"test_size": 0.2, "random_state": 42, "image_size": 224, "compressed": false, "split": true, "id": "61be86935289f77d3e0620ee", "created_at": "2021-12-19T01:10:43.870000"}, "trained": true, "evaluation": {"train_loss": 0.3708550841871894, "train_accuracy": 0.8741189737806597, "test_loss": 0.46430078424851556, "test_accuracy": 0.838500563697858, "test_confusion_matrix": [[88, 10, 23, 18, 5, 17, 10, 37, 3, 5], [6, 334, 8, 4, 1, 3, 1, 9, 2, 3], [3, 3, 505, 1, 0, 1, 11, 5, 0, 0], [2, 6, 7, 377, 1, 0, 4, 5, 0, 3], [2, 0, 0, 3, 49, 0, 2, 0, 1, 10], [8, 3, 2, 1, 1, 347, 20, 23, 1, 3], [2, 5, 16, 3, 0, 6, 298, 35, 1, 0], [35, 19, 6, 4, 0, 26, 70, 350, 8, 8], [1, 0, 0, 0, 4, 0, 0, 2, 263, 14], [1, 1, 1, 0, 0, 3, 1, 0, 4, 364]]}, "id": "61c0f3c266480a1840c70929", "created_at": "2021-12-20T21:21:06.193000"}