{"batch_size": 32, "base_model_name": "MobileNet", "use_imagenet_weights": true, "base_model_trainable": true, "include_relu_dense": false, "relu_dense_units": 512, "base_learning_rate": 0.005, "reduce_learning_rate_patience": 2, "epochs": 50, "dataset": {"test_size": 0.2, "random_state": 42, "image_size": 224, "compressed": false, "split": true, "id": "61be86935289f77d3e0620ee", "created_at": "2021-12-19T01:10:43.870000"}, "trained": true, "evaluation": {"train_loss": 0.3671787679195404, "train_accuracy": 0.8718635439872742, "test_loss": 0.4428803622722626, "test_accuracy": 0.8480834364891052}, "id": "61c0da3866480a1840c70928", "created_at": "2021-12-20T19:32:08.502000"}