{"batch_size": 32, "base_model_name": "MobileNet", "use_imagenet_weights": true, "base_model_trainable": true, "include_relu_dense": false, "relu_dense_units": 512, "base_learning_rate": 0.005, "reduce_learning_rate_patience": 2, "epochs": 50, "dataset": {"test_size": 0.2, "random_state": 42, "image_size": 224, "compressed": false, "split": true, "id": "61be86935289f77d3e0620ee", "created_at": "2021-12-19T01:10:43.870000"}, "trained": true, "evaluation": {"train_loss": 0.3671785919890904, "train_accuracy": 0.8718635466591486, "test_loss": 0.44288032784414966, "test_accuracy": 0.8480834272829764, "test_confusion_matrix": [[76, 9, 24, 15, 5, 20, 6, 47, 3, 11], [1, 337, 8, 2, 0, 4, 2, 9, 2, 6], [1, 4, 506, 2, 0, 4, 9, 3, 0, 0], [3, 6, 2, 383, 4, 0, 6, 1, 0, 0], [0, 0, 0, 2, 57, 0, 0, 0, 2, 6], [5, 5, 2, 2, 1, 366, 6, 16, 2, 4], [2, 3, 8, 6, 1, 8, 294, 41, 2, 1], [28, 23, 8, 3, 0, 22, 59, 366, 5, 12], [3, 0, 0, 0, 2, 0, 1, 2, 260, 16], [0, 2, 0, 0, 1, 2, 1, 1, 4, 364]]}, "id": "61c0da3866480a1840c70928", "created_at": "2021-12-20T19:32:08.502000"}